SignId,Id,X,Y,Z,Retro,Angle,Distance,UTC,R,G,B,H,S,V,pX,pY,Unnamed: 17,COLOR
13,68458,33.787,-84.406,246.111,0.51,-0.137,7.013,66096.954,231,238,247,214,0.067,0.969,1,0.091,,WHITE
13,68459,33.787,-84.406,246.041,0.51,-0.148,7.007,66096.954,234,241,249,212,0.059,0.976,0.985,0.182,,WHITE
13,68461,33.787,-84.406,245.901,0.56,-0.168,6.995,66096.954,199,148,171,332,0.255,0.78,0.968,0.364,,WHITE
13,68462,33.787,-84.406,245.835,0.63,-0.178,6.971,66096.954,208,141,134,6,0.357,0.816,0.954,0.449,,RED
13,68463,33.787,-84.406,245.763,0.65,-0.189,6.983,66096.954,209,139,145,354,0.333,0.82,0.954,0.543,,WHITE
13,68464,33.787,-84.406,245.688,0.72,-0.199,7.004,66096.954,203,149,162,346,0.267,0.796,0.954,0.64,,WHITE
13,68465,33.787,-84.406,245.624,0.74,-0.209,6.975,66096.954,208,185,202,316,0.11,0.816,0.928,0.723,,WHITE
13,68466,33.787,-84.406,245.554,0.75,-0.219,6.979,66096.954,238,244,252,214,0.055,0.988,0.929,0.814,,WHITE
13,68467,33.787,-84.406,245.485,0.76,-0.23,6.976,66096.954,242,247,252,210,0.039,0.988,0.918,0.904,,WHITE
13,68528,33.787,-84.406,246.14,0.78,-0.137,6.813,66096.967,234,243,249,204,0.059,0.976,0.902,0.053,,WHITE
13,68529,33.787,-84.406,246.069,0.78,-0.148,6.83,66096.967,226,242,251,202,0.098,0.984,0.902,0.145,,WHITE
13,68530,33.787,-84.406,245.998,0.78,-0.158,6.839,66096.967,203,137,142,356,0.325,0.796,0.902,0.238,,WHITE
13,68531,33.787,-84.406,245.929,0.78,-0.168,6.837,66096.967,203,130,135,356,0.361,0.796,0.901,0.327,,WHITE
13,68532,33.787,-84.406,245.859,0.77,-0.178,6.84,66096.967,232,241,247,204,0.059,0.969,0.888,0.418,,WHITE
13,68533,33.787,-84.406,245.792,0.74,-0.189,6.831,66096.967,238,244,246,196,0.031,0.965,0.888,0.505,,WHITE
13,68534,33.787,-84.406,245.722,0.76,-0.199,6.841,66096.967,203,137,143,354,0.325,0.796,0.888,0.596,,WHITE
13,68535,33.787,-84.406,245.654,0.77,-0.209,6.839,66096.967,204,135,137,358,0.337,0.8,0.875,0.684,,WHITE
13,68536,33.787,-84.406,245.584,0.78,-0.219,6.844,66096.967,190,152,155,356,0.2,0.745,0.876,0.775,,WHITE
13,68537,33.787,-84.406,245.514,0.78,-0.23,6.85,66096.967,242,245,255,226,0.051,1,0.863,0.866,,WHITE
13,68538,33.787,-84.406,245.446,0.78,-0.24,6.85,66096.968,240,249,254,202,0.055,0.996,0.865,0.955,,WHITE
13,68595,33.787,-84.406,246.16,0.78,-0.137,6.682,66096.98,237,242,249,216,0.047,0.976,0.849,0.027,,WHITE
13,68596,33.787,-84.406,246.091,0.78,-0.147,6.689,66096.981,218,240,245,192,0.11,0.961,0.849,0.117,,WHITE
13,68597,33.787,-84.406,246.022,0.78,-0.158,6.698,66096.981,232,205,184,26,0.208,0.91,0.849,0.206,,RED
13,68598,33.787,-84.406,245.953,0.77,-0.168,6.704,66096.981,208,134,135,0,0.357,0.816,0.836,0.296,,RED
13,68599,33.787,-84.406,245.885,0.76,-0.178,6.707,66096.981,209,142,141,0,0.325,0.82,0.835,0.384,,RED
13,68600,33.787,-84.406,245.817,0.78,-0.189,6.707,66096.981,238,244,251,212,0.051,0.984,0.835,0.473,,WHITE
13,68601,33.787,-84.406,245.75,0.78,-0.199,6.707,66096.981,226,230,251,230,0.098,0.984,0.822,0.56,,WHITE
13,68602,33.787,-84.406,245.681,0.76,-0.209,6.717,66096.981,203,137,138,0,0.325,0.796,0.822,0.649,,RED
13,68603,33.787,-84.406,245.614,0.77,-0.219,6.714,66096.981,203,134,133,0,0.345,0.796,0.809,0.736,,RED
13,68604,33.787,-84.406,245.543,0.78,-0.23,6.733,66096.981,204,142,147,356,0.306,0.8,0.822,0.829,,WHITE
13,68605,33.787,-84.406,245.476,0.78,-0.24,6.731,66096.981,244,246,254,228,0.039,0.996,0.81,0.916,,WHITE
13,68606,33.787,-84.406,245.412,0.68,-0.25,6.722,66096.981,189,201,227,222,0.169,0.89,0.799,0.999,,WHITE
13,68660,33.787,-84.406,246.178,0.72,-0.137,6.556,66096.994,229,230,229,120,0.004,0.902,0.797,0.004,,WHITE
13,68661,33.787,-84.406,246.11,0.78,-0.148,6.564,66096.994,211,217,247,230,0.145,0.969,0.797,0.092,,WHITE
13,68662,33.787,-84.406,246.042,0.77,-0.158,6.574,66096.994,203,136,142,354,0.329,0.796,0.797,0.181,,WHITE
13,68663,33.787,-84.406,245.977,0.77,-0.168,6.564,66096.994,201,144,146,358,0.282,0.788,0.783,0.265,,WHITE
13,68664,33.787,-84.406,245.909,0.77,-0.178,6.578,66096.994,206,128,131,358,0.38,0.808,0.783,0.353,,WHITE
13,68665,33.787,-84.406,245.843,0.78,-0.189,6.573,66096.994,239,242,249,222,0.039,0.976,0.769,0.439,,WHITE
13,68666,33.787,-84.406,245.777,0.78,-0.199,6.574,66096.994,238,248,254,202,0.063,0.996,0.769,0.525,,WHITE
13,68667,33.787,-84.406,245.707,0.77,-0.209,6.592,66096.994,209,138,140,358,0.341,0.82,0.769,0.616,,WHITE
13,68668,33.787,-84.406,245.643,0.77,-0.219,6.584,66096.994,232,219,224,336,0.055,0.91,0.756,0.699,,WHITE
13,68669,33.787,-84.406,245.578,0.77,-0.23,6.584,66096.994,190,142,164,332,0.251,0.745,0.757,0.783,,WHITE
13,68670,33.787,-84.406,245.512,0.77,-0.24,6.585,66096.994,212,134,138,356,0.369,0.831,0.744,0.869,,WHITE
13,68671,33.787,-84.406,245.444,0.78,-0.25,6.594,66096.994,245,247,247,180,0.008,0.969,0.745,0.957,,WHITE
13,68730,33.787,-84.406,246.131,0.78,-0.148,6.435,66097.007,214,203,243,256,0.165,0.953,0.745,0.065,,WHITE
13,68731,33.787,-84.406,246.066,0.78,-0.158,6.432,66097.007,202,135,138,358,0.333,0.792,0.73,0.149,,WHITE
13,68732,33.787,-84.406,246.001,0.78,-0.168,6.432,66097.007,203,205,237,236,0.145,0.929,0.73,0.234,,WHITE
13,68733,33.787,-84.406,245.935,0.76,-0.178,6.44,66097.007,226,227,241,236,0.063,0.945,0.73,0.319,,WHITE
13,68734,33.787,-84.406,245.868,0.77,-0.189,6.448,66097.007,238,219,215,10,0.098,0.933,0.716,0.406,,RED
13,68735,33.787,-84.406,245.811,0.78,-0.199,6.414,66097.007,240,246,253,212,0.051,0.992,0.703,0.481,,WHITE
13,68736,33.787,-84.406,245.737,0.78,-0.209,6.456,66097.007,208,170,201,312,0.184,0.816,0.716,0.577,,WHITE
13,68737,33.787,-84.406,245.671,0.78,-0.219,6.464,66097.007,210,191,205,316,0.09,0.824,0.716,0.662,,WHITE
13,68738,33.787,-84.406,245.611,0.77,-0.23,6.445,66097.007,224,223,241,244,0.075,0.945,0.69,0.74,,WHITE
13,68739,33.787,-84.406,245.546,0.77,-0.24,6.448,66097.007,208,135,138,358,0.353,0.816,0.691,0.825,,WHITE
13,68740,33.787,-84.406,245.477,0.78,-0.25,6.468,66097.007,207,139,141,358,0.329,0.812,0.691,0.914,,WHITE
13,68741,33.787,-84.406,245.411,0.62,-0.261,6.473,66097.008,208,228,248,210,0.161,0.973,0.692,1,,WHITE
13,68795,33.787,-84.406,246.154,0.79,-0.147,6.295,66097.02,205,200,234,248,0.145,0.918,0.679,0.035,,WHITE
13,68796,33.787,-84.406,246.086,0.76,-0.158,6.32,66097.02,200,132,131,0,0.345,0.784,0.693,0.123,,RED
13,68797,33.787,-84.406,246.026,0.77,-0.168,6.302,66097.021,207,159,154,6,0.255,0.812,0.677,0.201,,RED
13,68798,33.787,-84.406,245.96,0.77,-0.178,6.313,66097.021,223,228,233,210,0.043,0.914,0.677,0.287,,WHITE
13,68799,33.787,-84.406,245.896,0.76,-0.189,6.315,66097.021,211,138,133,4,0.369,0.827,0.663,0.37,,RED
13,68800,33.787,-84.406,245.834,0.78,-0.199,6.31,66097.021,238,247,253,204,0.059,0.992,0.663,0.451,,WHITE
13,68801,33.787,-84.406,245.768,0.79,-0.209,6.32,66097.021,236,245,251,204,0.059,0.984,0.649,0.536,,WHITE
13,68802,33.787,-84.406,245.705,0.76,-0.219,6.32,66097.021,212,143,145,358,0.325,0.831,0.649,0.618,,WHITE
13,68803,33.787,-84.406,245.642,0.78,-0.23,6.32,66097.021,223,202,181,30,0.188,0.875,0.636,0.7,,RED
13,68804,33.787,-84.406,245.578,0.76,-0.24,6.325,66097.021,208,154,183,328,0.259,0.816,0.637,0.783,,WHITE
13,68805,33.787,-84.406,245.515,0.76,-0.25,6.325,66097.021,205,133,133,0,0.353,0.804,0.625,0.865,,RED
13,68806,33.787,-84.406,245.449,0.77,-0.26,6.338,66097.021,224,168,156,10,0.302,0.878,0.626,0.951,,RED
13,68861,33.787,-84.406,246.173,0.75,-0.148,6.172,66097.034,211,235,235,180,0.102,0.922,0.628,0.01,,WHITE
13,68862,33.787,-84.406,246.112,0.76,-0.158,6.165,66097.034,201,134,135,0,0.333,0.788,0.612,0.09,,RED
13,68863,33.787,-84.406,246.054,0.76,-0.168,6.146,66097.034,200,140,141,0,0.298,0.784,0.597,0.165,,RED
13,68864,33.787,-84.406,245.984,0.77,-0.178,6.182,66097.034,221,183,196,340,0.173,0.867,0.612,0.256,,WHITE
13,68865,33.787,-84.406,245.923,0.77,-0.189,6.178,66097.034,194,162,211,280,0.231,0.827,0.61,0.335,,WHITE
13,68866,33.787,-84.406,245.859,0.78,-0.199,6.19,66097.034,238,242,248,216,0.039,0.973,0.61,0.418,,WHITE
13,68867,33.787,-84.406,245.797,0.78,-0.209,6.188,66097.034,236,245,251,204,0.059,0.984,0.596,0.499,,WHITE
13,68868,33.787,-84.406,245.736,0.76,-0.219,6.185,66097.034,204,157,182,328,0.231,0.8,0.596,0.578,,WHITE
13,68869,33.787,-84.406,245.676,0.77,-0.23,6.179,66097.034,203,226,237,200,0.145,0.929,0.583,0.656,,WHITE
13,68870,33.787,-84.406,245.614,0.77,-0.24,6.178,66097.034,200,180,227,266,0.208,0.89,0.572,0.736,,WHITE
13,68871,33.787,-84.406,245.542,0.76,-0.25,6.219,66097.034,207,135,133,2,0.357,0.812,0.583,0.83,,RED
13,68872,33.787,-84.406,245.481,0.77,-0.26,6.217,66097.034,208,137,133,4,0.361,0.816,0.585,0.909,,RED
13,68873,33.787,-84.406,245.421,0.74,-0.271,6.214,66097.034,223,236,255,216,0.125,1,0.574,0.987,,WHITE
13,68933,33.787,-84.406,246.133,0.78,-0.158,6.041,66097.047,201,134,138,356,0.333,0.788,0.575,0.062,,WHITE
13,68934,33.787,-84.406,246.075,0.77,-0.168,6.028,66097.047,201,132,134,358,0.345,0.788,0.558,0.138,,WHITE
13,68935,33.787,-84.406,246.011,0.77,-0.178,6.043,66097.047,224,229,241,222,0.071,0.945,0.559,0.221,,WHITE
13,68936,33.787,-84.406,245.95,0.77,-0.189,6.044,66097.047,201,180,220,272,0.18,0.863,0.544,0.3,,WHITE
13,68937,33.787,-84.406,245.889,0.76,-0.199,6.044,66097.047,202,141,138,2,0.318,0.792,0.544,0.379,,RED
13,68938,33.787,-84.406,245.825,0.77,-0.209,6.064,66097.047,238,244,251,212,0.051,0.984,0.544,0.462,,WHITE
13,68939,33.787,-84.406,245.764,0.77,-0.219,6.063,66097.047,231,244,236,144,0.055,0.957,0.543,0.542,,WHITE
13,68940,33.787,-84.406,245.704,0.75,-0.23,6.061,66097.047,210,146,139,6,0.337,0.824,0.53,0.619,,RED
13,68941,33.787,-84.406,245.644,0.76,-0.24,6.06,66097.047,219,156,135,16,0.384,0.859,0.531,0.697,,RED
13,68942,33.787,-84.406,245.582,0.76,-0.25,6.069,66097.047,204,156,146,10,0.286,0.8,0.518,0.778,,RED
13,68943,33.787,-84.406,245.522,0.77,-0.26,6.067,66097.047,203,132,130,2,0.361,0.796,0.52,0.856,,RED
13,68944,33.787,-84.406,245.458,0.76,-0.271,6.084,66097.047,214,142,142,0,0.337,0.839,0.52,0.939,,RED
13,69002,33.787,-84.406,246.156,0.78,-0.158,5.916,66097.06,199,134,144,350,0.325,0.78,0.524,0.032,,WHITE
13,69003,33.787,-84.406,246.098,0.75,-0.168,5.908,66097.06,202,138,144,354,0.318,0.792,0.508,0.108,,WHITE
13,69004,33.787,-84.406,246.037,0.76,-0.178,5.915,66097.06,194,132,131,0,0.325,0.761,0.508,0.187,,RED
13,69005,33.787,-84.406,245.976,0.77,-0.188,5.924,66097.06,203,136,137,0,0.329,0.796,0.507,0.266,,RED
13,69006,33.787,-84.406,245.915,0.76,-0.199,5.93,66097.061,201,134,137,358,0.333,0.788,0.493,0.345,,WHITE
13,69007,33.787,-84.406,245.857,0.76,-0.209,5.926,66097.061,242,243,253,234,0.043,0.992,0.491,0.421,,WHITE
13,69008,33.787,-84.406,245.795,0.77,-0.219,5.935,66097.061,235,244,250,204,0.059,0.98,0.491,0.501,,WHITE
13,69009,33.787,-84.406,245.737,0.76,-0.23,5.931,66097.061,198,153,167,342,0.227,0.776,0.477,0.577,,WHITE
13,69010,33.787,-84.406,245.678,0.77,-0.24,5.933,66097.061,198,196,215,246,0.09,0.843,0.477,0.653,,WHITE
13,69011,33.787,-84.406,245.618,0.77,-0.25,5.937,66097.061,206,143,143,0,0.306,0.808,0.464,0.731,,RED
13,69012,33.787,-84.406,245.558,0.74,-0.26,5.939,66097.061,207,135,135,0,0.349,0.812,0.465,0.809,,RED
13,69013,33.787,-84.406,245.496,0.74,-0.271,5.954,66097.061,206,135,136,0,0.345,0.808,0.465,0.89,,RED
13,69014,33.787,-84.406,245.438,0.77,-0.281,5.952,66097.061,233,176,146,20,0.373,0.914,0.454,0.965,,RED
13,69070,33.787,-84.406,246.181,0.63,-0.158,5.776,66097.074,229,217,198,36,0.137,0.898,0.459,0,,RED
13,69071,33.787,-84.406,246.122,0.77,-0.168,5.783,66097.074,198,130,129,0,0.349,0.776,0.457,0.077,,RED
13,69072,33.787,-84.406,246.062,0.77,-0.178,5.788,66097.074,197,133,133,0,0.325,0.773,0.457,0.155,,RED
13,69073,33.787,-84.406,246.006,0.75,-0.189,5.778,66097.074,198,132,135,358,0.333,0.776,0.441,0.227,,WHITE
13,69074,33.787,-84.406,245.945,0.75,-0.199,5.793,66097.074,198,138,147,352,0.302,0.776,0.441,0.306,,WHITE
13,69075,33.787,-84.406,245.885,0.76,-0.209,5.801,66097.074,210,148,143,4,0.318,0.824,0.44,0.384,,RED
13,69076,33.787,-84.406,245.827,0.78,-0.219,5.803,66097.074,240,246,253,212,0.051,0.992,0.439,0.46,,WHITE
13,69077,33.787,-84.406,245.77,0.78,-0.23,5.799,66097.074,240,245,253,216,0.051,0.992,0.424,0.534,,WHITE
13,69078,33.787,-84.406,245.711,0.74,-0.24,5.803,66097.074,205,141,144,358,0.314,0.804,0.424,0.61,,WHITE
13,69079,33.787,-84.406,245.65,0.77,-0.25,5.819,66097.074,222,211,227,282,0.071,0.89,0.424,0.69,,WHITE
13,69080,33.787,-84.406,245.591,0.77,-0.26,5.823,66097.074,211,158,202,310,0.251,0.827,0.411,0.766,,WHITE
13,69081,33.787,-84.406,245.532,0.76,-0.271,5.828,66097.074,207,134,133,0,0.357,0.812,0.411,0.843,,RED
13,69082,33.787,-84.406,245.475,0.77,-0.281,5.829,66097.074,208,136,131,4,0.369,0.816,0.4,0.917,,RED
13,69083,33.787,-84.406,245.412,0.72,-0.291,5.847,66097.074,197,222,237,202,0.169,0.929,0.4,0.999,,WHITE
13,69144,33.787,-84.406,246.149,0.77,-0.168,5.647,66097.087,199,150,166,340,0.247,0.78,0.405,0.042,,WHITE
13,69145,33.787,-84.406,246.09,0.77,-0.178,5.655,66097.087,200,131,133,358,0.345,0.784,0.392,0.118,,WHITE
13,69146,33.787,-84.406,246.033,0.76,-0.189,5.656,66097.087,213,140,136,4,0.361,0.835,0.39,0.192,,RED
13,69147,33.787,-84.406,245.971,0.77,-0.199,5.678,66097.087,221,198,198,0,0.106,0.867,0.405,0.273,,RED
13,69148,33.787,-84.406,245.916,0.76,-0.209,5.67,66097.087,201,137,140,358,0.318,0.788,0.388,0.344,,WHITE
13,69149,33.787,-84.406,245.858,0.77,-0.219,5.675,66097.087,237,245,247,192,0.039,0.969,0.374,0.419,,WHITE
13,69150,33.787,-84.406,245.803,0.78,-0.23,5.672,66097.087,239,245,252,212,0.051,0.988,0.373,0.491,,WHITE
13,69151,33.787,-84.406,245.744,0.78,-0.24,5.683,66097.087,203,180,196,318,0.114,0.796,0.372,0.568,,WHITE
13,69152,33.787,-84.406,245.687,0.77,-0.25,5.684,66097.087,216,220,219,166,0.02,0.863,0.358,0.642,,WHITE
13,69153,33.787,-84.406,245.628,0.77,-0.26,5.695,66097.087,219,220,247,238,0.114,0.969,0.358,0.718,,WHITE
13,69154,33.787,-84.406,245.571,0.77,-0.271,5.698,66097.087,212,135,142,354,0.365,0.831,0.358,0.792,,WHITE
13,69155,33.787,-84.406,245.515,0.77,-0.281,5.698,66097.087,210,134,139,356,0.361,0.824,0.346,0.865,,WHITE
13,69156,33.787,-84.406,245.457,0.77,-0.291,5.704,66097.087,221,185,157,26,0.29,0.867,0.347,0.94,,RED
13,69213,33.787,-84.406,246.173,0.74,-0.168,5.526,66097.1,232,238,239,188,0.027,0.937,0.359,0.01,,WHITE
13,69214,33.787,-84.406,246.115,0.77,-0.178,5.539,66097.1,204,135,137,358,0.337,0.8,0.359,0.086,,WHITE
13,69215,33.787,-84.406,246.062,0.74,-0.188,5.527,66097.1,196,132,132,0,0.325,0.769,0.34,0.155,,RED
13,69216,33.787,-84.406,246.004,0.75,-0.199,5.535,66097.1,232,209,213,350,0.098,0.91,0.34,0.23,,WHITE
13,69217,33.787,-84.406,245.948,0.75,-0.209,5.539,66097.1,211,205,171,52,0.188,0.827,0.338,0.303,,RED
13,69218,33.787,-84.406,245.893,0.75,-0.219,5.538,66097.101,205,141,141,0,0.314,0.804,0.321,0.374,,RED
13,69219,33.787,-84.406,245.835,0.78,-0.229,5.549,66097.101,240,246,253,212,0.051,0.992,0.321,0.449,,WHITE
13,69220,33.787,-84.406,245.777,0.78,-0.24,5.559,66097.101,241,247,254,212,0.051,0.996,0.321,0.525,,WHITE
13,69221,33.787,-84.406,245.722,0.77,-0.25,5.559,66097.101,211,141,147,354,0.333,0.827,0.306,0.596,,WHITE
13,69222,33.787,-84.406,245.671,0.77,-0.26,5.544,66097.101,222,159,185,336,0.282,0.871,0.292,0.662,,WHITE
13,69223,33.787,-84.406,245.617,0.75,-0.271,5.544,66097.101,228,153,135,12,0.408,0.894,0.292,0.732,,RED
13,69224,33.787,-84.406,245.552,0.76,-0.281,5.579,66097.101,209,137,135,2,0.353,0.82,0.292,0.817,,RED
13,69225,33.787,-84.406,245.494,0.76,-0.291,5.589,66097.101,220,143,140,2,0.365,0.863,0.292,0.892,,RED
13,69226,33.787,-84.406,245.439,0.78,-0.301,5.592,66097.101,237,248,254,202,0.067,0.996,0.293,0.964,,WHITE
13,69285,33.787,-84.406,246.144,0.78,-0.178,5.395,66097.114,235,245,252,204,0.067,0.988,0.296,0.048,,WHITE
13,69286,33.787,-84.406,246.089,0.75,-0.189,5.401,66097.114,202,135,141,354,0.333,0.792,0.292,0.119,,WHITE
13,69287,33.787,-84.406,246.032,0.75,-0.199,5.414,66097.114,203,134,137,358,0.341,0.796,0.292,0.194,,WHITE
13,69288,33.787,-84.406,245.98,0.77,-0.209,5.401,66097.114,211,211,221,240,0.047,0.867,0.273,0.261,,WHITE
13,69289,33.787,-84.406,245.926,0.77,-0.219,5.401,66097.114,204,169,187,330,0.173,0.8,0.271,0.331,,WHITE
13,69290,33.787,-84.406,245.872,0.76,-0.23,5.403,66097.114,245,228,226,6,0.078,0.961,0.256,0.401,,RED
13,69291,33.787,-84.406,245.814,0.78,-0.24,5.42,66097.114,241,247,254,212,0.051,0.996,0.256,0.477,,WHITE
13,69292,33.787,-84.406,245.761,0.78,-0.25,5.419,66097.114,240,244,250,216,0.039,0.98,0.253,0.545,,WHITE
13,69293,33.787,-84.406,245.703,0.77,-0.26,5.435,66097.114,206,149,143,6,0.306,0.808,0.253,0.621,,RED
13,69294,33.787,-84.406,245.649,0.77,-0.271,5.434,66097.114,219,153,167,348,0.302,0.859,0.239,0.691,,WHITE
13,69295,33.787,-84.406,245.594,0.76,-0.281,5.441,66097.114,215,150,168,344,0.302,0.843,0.239,0.762,,WHITE
13,69296,33.787,-84.406,245.538,0.77,-0.291,5.448,66097.114,208,135,156,342,0.353,0.816,0.239,0.835,,WHITE
13,69297,33.787,-84.406,245.485,0.78,-0.301,5.448,66097.114,244,252,248,150,0.031,0.988,0.228,0.904,,WHITE
13,69298,33.787,-84.406,245.431,0.77,-0.312,5.45,66097.114,236,248,253,198,0.067,0.992,0.23,0.974,,WHITE
13,69358,33.787,-84.406,246.173,0.73,-0.178,5.256,66097.127,237,240,242,204,0.02,0.949,0.242,0.01,,WHITE
13,69359,33.787,-84.406,246.12,0.78,-0.189,5.255,66097.127,236,245,251,204,0.059,0.984,0.226,0.079,,WHITE
13,69360,33.787,-84.406,246.065,0.75,-0.199,5.267,66097.127,209,141,143,358,0.325,0.82,0.226,0.151,,WHITE
13,69361,33.787,-84.406,246.011,0.77,-0.209,5.273,66097.127,233,227,248,258,0.086,0.973,0.226,0.221,,WHITE
13,69362,33.787,-84.406,245.96,0.77,-0.219,5.268,66097.127,219,211,241,256,0.125,0.945,0.206,0.287,,WHITE
13,69363,33.787,-84.406,245.904,0.77,-0.23,5.28,66097.127,207,140,141,0,0.325,0.812,0.206,0.36,,RED
13,69364,33.787,-84.406,245.848,0.78,-0.24,5.294,66097.127,245,248,247,160,0.012,0.973,0.206,0.432,,WHITE
13,69365,33.787,-84.406,245.797,0.78,-0.25,5.29,66097.127,241,247,254,212,0.051,0.996,0.202,0.499,,WHITE
13,69366,33.787,-84.406,245.742,0.78,-0.26,5.3,66097.127,217,182,231,282,0.212,0.906,0.202,0.57,,WHITE
13,69367,33.787,-84.406,245.69,0.76,-0.271,5.297,66097.127,207,137,134,2,0.353,0.812,0.186,0.638,,RED
13,69368,33.787,-84.406,245.633,0.77,-0.281,5.313,66097.127,211,139,136,2,0.357,0.827,0.186,0.712,,RED
13,69369,33.787,-84.406,245.582,0.76,-0.291,5.311,66097.127,212,137,139,358,0.353,0.831,0.173,0.778,,WHITE
13,69370,33.787,-84.406,245.531,0.78,-0.301,5.307,66097.127,253,251,227,56,0.102,0.992,0.175,0.844,,RED
13,69371,33.787,-84.406,245.468,0.78,-0.312,5.345,66097.127,245,250,253,202,0.031,0.992,0.173,0.926,,WHITE
13,69372,33.787,-84.406,245.417,0.75,-0.322,5.342,66097.127,141,194,226,202,0.376,0.886,0.175,0.992,,WHITE
13,69428,33.787,-84.406,246.146,0.78,-0.188,5.142,66097.14,236,245,251,204,0.059,0.984,0.205,0.045,,WHITE
13,69429,33.787,-84.406,246.093,0.78,-0.199,5.151,66097.14,239,242,250,224,0.043,0.98,0.205,0.114,,WHITE
13,69430,33.787,-84.406,246.044,0.78,-0.209,5.137,66097.14,207,173,176,354,0.165,0.812,0.177,0.178,,WHITE
13,69431,33.787,-84.406,245.99,0.76,-0.219,5.148,66097.14,204,143,138,4,0.325,0.8,0.177,0.248,,RED
13,69432,33.787,-84.406,245.937,0.76,-0.229,5.157,66097.14,201,139,144,356,0.31,0.788,0.177,0.317,,WHITE
13,69433,33.787,-84.406,245.884,0.76,-0.24,5.163,66097.14,221,153,141,10,0.361,0.867,0.16,0.386,,RED
13,69434,33.787,-84.406,245.837,0.78,-0.25,5.149,66097.14,240,246,253,212,0.051,0.992,0.137,0.447,,WHITE
13,69435,33.787,-84.406,245.779,0.78,-0.26,5.175,66097.141,240,246,253,212,0.051,0.992,0.152,0.522,,WHITE
13,69436,33.787,-84.406,245.727,0.76,-0.27,5.177,66097.141,209,141,145,356,0.325,0.82,0.137,0.59,,WHITE
13,69437,33.787,-84.406,245.678,0.76,-0.281,5.172,66097.141,208,143,142,0,0.318,0.816,0.133,0.653,,RED
13,69438,33.787,-84.406,245.623,0.75,-0.291,5.185,66097.141,218,141,143,358,0.353,0.855,0.133,0.725,,WHITE
13,69439,33.787,-84.406,245.57,0.78,-0.301,5.194,66097.141,251,254,246,82,0.031,0.996,0.119,0.794,,RED
13,69440,33.787,-84.406,245.521,0.78,-0.312,5.189,66097.141,244,249,254,210,0.039,0.996,0.108,0.857,,WHITE
13,69441,33.787,-84.406,245.472,0.78,-0.322,5.184,66097.141,244,249,254,210,0.039,0.996,0.115,0.921,,WHITE
13,69442,33.787,-84.406,245.411,0.72,-0.332,5.215,66097.141,169,175,202,230,0.165,0.792,0.111,1,,WHITE
13,69500,33.787,-84.406,246.177,0.68,-0.188,5.005,66097.154,232,232,223,60,0.039,0.91,0.153,0.005,,RED
13,69501,33.787,-84.406,246.125,0.78,-0.199,5.012,66097.154,237,246,252,204,0.059,0.988,0.145,0.073,,WHITE
13,69502,33.787,-84.406,246.074,0.78,-0.209,5.017,66097.154,242,244,253,230,0.043,0.992,0.145,0.139,,WHITE
13,69503,33.787,-84.406,246.025,0.78,-0.219,5.012,66097.154,241,246,251,210,0.039,0.984,0.121,0.203,,WHITE
13,69504,33.787,-84.406,245.972,0.78,-0.23,5.022,66097.154,208,148,142,6,0.318,0.816,0.121,0.271,,RED
13,69505,33.787,-84.406,245.921,0.77,-0.24,5.026,66097.154,204,140,140,0,0.314,0.8,0.114,0.338,,RED
13,69506,33.787,-84.406,245.869,0.75,-0.25,5.035,66097.154,215,187,203,326,0.129,0.843,0.114,0.405,,WHITE
13,69507,33.787,-84.406,245.819,0.74,-0.26,5.035,66097.154,215,155,161,354,0.278,0.843,0.091,0.47,,WHITE
13,69508,33.787,-84.406,245.764,0.75,-0.271,5.055,66097.154,216,215,236,242,0.09,0.925,0.108,0.542,,WHITE
13,69509,33.787,-84.406,245.715,0.77,-0.281,5.054,66097.154,209,144,137,6,0.345,0.82,0.086,0.605,,RED
13,69510,33.787,-84.406,245.667,0.78,-0.291,5.047,66097.154,242,228,219,24,0.094,0.949,0.067,0.668,,RED
13,69511,33.787,-84.406,245.611,0.78,-0.301,5.07,66097.154,241,249,253,200,0.047,0.992,0.07,0.74,,WHITE
13,69512,33.787,-84.406,245.562,0.78,-0.312,5.069,66097.154,243,249,255,210,0.047,1,0.066,0.804,,WHITE
13,69513,33.787,-84.406,245.508,0.78,-0.322,5.083,66097.154,244,249,254,210,0.039,0.996,0.066,0.874,,WHITE
13,69514,33.787,-84.406,245.458,0.78,-0.332,5.086,66097.154,248,244,255,262,0.043,1,0.057,0.939,,WHITE
13,69574,33.787,-84.406,246.151,0.59,-0.199,4.902,66097.167,235,244,249,202,0.055,0.976,0.148,0.039,,WHITE
13,69575,33.787,-84.406,246.101,0.75,-0.209,4.906,66097.167,239,245,252,212,0.051,0.988,0.139,0.104,,WHITE
13,69576,33.787,-84.406,246.052,0.73,-0.219,4.905,66097.167,242,247,255,216,0.051,1,0.123,0.168,,WHITE
13,69577,33.787,-84.406,246.004,0.72,-0.229,4.902,66097.167,240,238,247,254,0.035,0.969,0.113,0.23,,WHITE
13,69578,33.787,-84.406,245.951,0.68,-0.24,4.919,66097.167,203,145,143,2,0.294,0.796,0.113,0.299,,RED
13,69579,33.787,-84.406,245.9,0.61,-0.25,4.929,66097.167,204,142,142,0,0.306,0.8,0.113,0.365,,RED
13,69580,33.787,-84.406,245.858,0.55,-0.26,4.904,66097.167,212,161,151,10,0.286,0.831,0.061,0.419,,RED
13,69581,33.787,-84.406,245.802,0.54,-0.271,4.93,66097.167,209,147,151,356,0.298,0.82,0.077,0.492,,WHITE
13,69582,33.787,-84.406,245.75,0.56,-0.281,4.941,66097.167,210,136,149,350,0.353,0.824,0.077,0.56,,WHITE
13,69583,33.787,-84.406,245.701,0.59,-0.291,4.945,66097.167,232,184,166,16,0.286,0.91,0.061,0.623,,RED
13,69584,33.787,-84.406,245.651,0.58,-0.301,4.949,66097.167,243,252,255,196,0.047,1,0.052,0.688,,WHITE
13,69585,33.787,-84.406,245.601,0.6,-0.312,4.956,66097.167,244,252,242,108,0.039,0.988,0.036,0.753,,WHITE
13,69586,33.787,-84.406,245.547,0.57,-0.322,4.972,66097.167,245,250,254,206,0.035,0.996,0.036,0.823,,WHITE
13,69587,33.787,-84.406,245.5,0.57,-0.332,4.971,66097.167,237,244,250,208,0.051,0.98,0.017,0.884,,WHITE
13,69588,33.787,-84.406,245.449,0.55,-0.342,4.98,66097.167,210,219,232,216,0.094,0.91,0,0.951,,WHITE
